{
  "version": "1.0.0",
  "platformVersion": "5.0.0",
  "beforeRequest": [],
  "afterResponse": [],
  "resources": {},
  "triggers": {},
  "searches": {},
  "creates": {
    "prospect": {
      "key": "prospect",
      "noun": "Prospect",
      "display": {
        "label": "Create Prospect",
        "description": "Creates a new prospect."
      },
      "operation": {
        "inputFields": [
          {
            "key": "primernombre",
            "required": false,
            "type": "string"
          },
          {
            "key": "apellidopaterno",
            "required": false,
            "type": "string"
          },
          {
            "key": "telefonomovil",
            "required": false,
            "type": "integer"
          },
          {
            "key": "email",
            "required": false,
            "type": "string"
          },
          {
            "key": "fuenteorigin",
            "required": false,
            "type": "string"
          }
        ],
        "perform": "$func$2$f$",
        "sample": {
          "primernombre": "Jose",
          "apellidopaterno": "Moltobene",
          "telefonomovil": "999888777",
          "email": "j.moltobene@gmail.com",
          "fuenteorigin": "101"
        },
        "outputFields": [
          {
            "key": "primernombre",
            "label": "Primer Nombre"
          },
          {
            "key": "apellidopaterno",
            "label": "Apellido Paterno"
          },
          {
            "key": "telefonomovil",
            "label": "Telefono Movil"
          },
          {
            "key": "email",
            "label": "Email"
          },
          {
            "key": "fuenteorigin",
            "label": "Fuente Origin"
          }
        ]
      }
    }
  },
  "searchOrCreates": {}
}